{"IcoMoonType":"selection","icons":[{"icon":{"paths":["M658.286 475.429c0-141.143-114.857-256-256-256s-256 114.857-256 256 114.857 256 256 256 256-114.857 256-256zM950.857 950.857c0 40-33.143 73.143-73.143 73.143-19.429 0-38.286-8-51.429-21.714l-196-195.429c-66.857 46.286-146.857 70.857-228 70.857-222.286 0-402.286-180-402.286-402.286s180-402.286 402.286-402.286 402.286 180 402.286 402.286c0 81.143-24.571 161.143-70.857 228l196 196c13.143 13.143 21.143 32 21.143 51.429z"],"width":950.8571428571428,"attrs":[],"isMulticolor":false,"isMulticolor2":false,"tags":["search"],"defaultCode":61442,"grid":14},"attrs":[],"properties":{"name":"search","id":6,"order":14,"prevSize":28,"code":61442},"setIdx":0,"setId":4,"iconIdx":6},{"icon":{"paths":["M438.857 585.143v219.429c0 40-33.143 73.143-73.143 73.143h-292.571c-40 0-73.143-33.143-73.143-73.143v-219.429c0-40 33.143-73.143 73.143-73.143h292.571c40 0 73.143 33.143 73.143 73.143zM438.857 146.286v219.429c0 40-33.143 73.143-73.143 73.143h-292.571c-40 0-73.143-33.143-73.143-73.143v-219.429c0-40 33.143-73.143 73.143-73.143h292.571c40 0 73.143 33.143 73.143 73.143zM950.857 585.143v219.429c0 40-33.143 73.143-73.143 73.143h-292.571c-40 0-73.143-33.143-73.143-73.143v-219.429c0-40 33.143-73.143 73.143-73.143h292.571c40 0 73.143 33.143 73.143 73.143zM950.857 146.286v219.429c0 40-33.143 73.143-73.143 73.143h-292.571c-40 0-73.143-33.143-73.143-73.143v-219.429c0-40 33.143-73.143 73.143-73.143h292.571c40 0 73.143 33.143 73.143 73.143z"],"width":950.8571428571428,"attrs":[],"isMulticolor":false,"isMulticolor2":false,"tags":["th-large"],"defaultCode":61449,"grid":14},"attrs":[],"properties":{"name":"th-large","id":13,"order":19,"prevSize":28,"code":61449},"setIdx":0,"setId":4,"iconIdx":13},{"icon":{"paths":["M292.571 713.143v109.714c0 30.286-24.571 54.857-54.857 54.857h-182.857c-30.286 0-54.857-24.571-54.857-54.857v-109.714c0-30.286 24.571-54.857 54.857-54.857h182.857c30.286 0 54.857 24.571 54.857 54.857zM292.571 420.571v109.714c0 30.286-24.571 54.857-54.857 54.857h-182.857c-30.286 0-54.857-24.571-54.857-54.857v-109.714c0-30.286 24.571-54.857 54.857-54.857h182.857c30.286 0 54.857 24.571 54.857 54.857zM1024 713.143v109.714c0 30.286-24.571 54.857-54.857 54.857h-548.571c-30.286 0-54.857-24.571-54.857-54.857v-109.714c0-30.286 24.571-54.857 54.857-54.857h548.571c30.286 0 54.857 24.571 54.857 54.857zM292.571 128v109.714c0 30.286-24.571 54.857-54.857 54.857h-182.857c-30.286 0-54.857-24.571-54.857-54.857v-109.714c0-30.286 24.571-54.857 54.857-54.857h182.857c30.286 0 54.857 24.571 54.857 54.857zM1024 420.571v109.714c0 30.286-24.571 54.857-54.857 54.857h-548.571c-30.286 0-54.857-24.571-54.857-54.857v-109.714c0-30.286 24.571-54.857 54.857-54.857h548.571c30.286 0 54.857 24.571 54.857 54.857zM1024 128v109.714c0 30.286-24.571 54.857-54.857 54.857h-548.571c-30.286 0-54.857-24.571-54.857-54.857v-109.714c0-30.286 24.571-54.857 54.857-54.857h548.571c30.286 0 54.857 24.571 54.857 54.857z"],"width":1024,"attrs":[],"isMulticolor":false,"isMulticolor2":false,"tags":["th-list"],"defaultCode":61451,"grid":14},"attrs":[],"properties":{"name":"th-list","id":15,"order":18,"prevSize":28,"code":61451},"setIdx":0,"setId":4,"iconIdx":15},{"icon":{"paths":["M585.143 621.714c0 9.714-4 18.857-10.857 25.714l-256 256c-6.857 6.857-16 10.857-25.714 10.857s-18.857-4-25.714-10.857l-256-256c-6.857-6.857-10.857-16-10.857-25.714 0-20 16.571-36.571 36.571-36.571h512c20 0 36.571 16.571 36.571 36.571zM585.143 402.286c0 20-16.571 36.571-36.571 36.571h-512c-20 0-36.571-16.571-36.571-36.571 0-9.714 4-18.857 10.857-25.714l256-256c6.857-6.857 16-10.857 25.714-10.857s18.857 4 25.714 10.857l256 256c6.857 6.857 10.857 16 10.857 25.714z"],"width":585.1428571428571,"attrs":[],"isMulticolor":false,"isMulticolor2":false,"tags":["sort","unsorted"],"defaultCode":61660,"grid":14},"attrs":[],"properties":{"name":"sort, unsorted","id":196,"order":22,"prevSize":28,"code":61660},"setIdx":0,"setId":4,"iconIdx":196},{"icon":{"paths":["M505.714 323.429c6.286 6.857 8 16.571 4 25.143l-308.571 661.143c-4.571 8.571-13.714 14.286-24 14.286-2.286 0-5.143-0.571-8-1.143-12.571-4-20-16-17.143-28l112.571-461.714-232 57.714c-2.286 0.571-4.571 0.571-6.857 0.571-6.286 0-13.143-2.286-17.714-6.286-6.857-5.714-9.143-14.286-7.429-22.286l114.857-471.429c2.857-10.857 13.143-18.286 25.143-18.286h187.429c14.286 0 25.714 10.857 25.714 24 0 3.429-1.143 6.857-2.857 10.286l-97.714 264.571 226.286-56c2.286-0.571 4.571-1.143 6.857-1.143 7.429 0 14.286 3.429 19.429 8.571z"],"width":512.5851428571428,"attrs":[],"isMulticolor":false,"isMulticolor2":false,"tags":["bolt","flash"],"defaultCode":61671,"grid":14},"attrs":[],"properties":{"name":"bolt, flash","id":206,"order":20,"prevSize":28,"code":61671},"setIdx":0,"setId":4,"iconIdx":206},{"icon":{"paths":["M420.571 822.857c0 5.143-2.286 9.714-5.714 13.714l-182.286 182.286c-4 3.429-8.571 5.143-13.143 5.143s-9.143-1.714-13.143-5.143l-182.857-182.857c-5.143-5.714-6.857-13.143-4-20s9.714-11.429 17.143-11.429h109.714v-786.286c0-10.286 8-18.286 18.286-18.286h109.714c10.286 0 18.286 8 18.286 18.286v786.286h109.714c10.286 0 18.286 8 18.286 18.286zM1024 896v109.714c0 10.286-8 18.286-18.286 18.286h-475.429c-10.286 0-18.286-8-18.286-18.286v-109.714c0-10.286 8-18.286 18.286-18.286h475.429c10.286 0 18.286 8 18.286 18.286zM914.286 603.429v109.714c0 10.286-8 18.286-18.286 18.286h-365.714c-10.286 0-18.286-8-18.286-18.286v-109.714c0-10.286 8-18.286 18.286-18.286h365.714c10.286 0 18.286 8 18.286 18.286zM804.571 310.857v109.714c0 10.286-8 18.286-18.286 18.286h-256c-10.286 0-18.286-8-18.286-18.286v-109.714c0-10.286 8-18.286 18.286-18.286h256c10.286 0 18.286 8 18.286 18.286zM694.857 18.286v109.714c0 10.286-8 18.286-18.286 18.286h-146.286c-10.286 0-18.286-8-18.286-18.286v-109.714c0-10.286 8-18.286 18.286-18.286h146.286c10.286 0 18.286 8 18.286 18.286z"],"width":1040.6034285714286,"attrs":[],"isMulticolor":false,"isMulticolor2":false,"tags":["sort-amount-asc"],"defaultCode":61792,"grid":14},"attrs":[],"properties":{"name":"sort-amount-asc","id":316,"order":21,"prevSize":28,"code":61792},"setIdx":0,"setId":4,"iconIdx":316},{"icon":{"paths":["M694.857 896v109.714c0 10.286-8 18.286-18.286 18.286h-146.286c-10.286 0-18.286-8-18.286-18.286v-109.714c0-10.286 8-18.286 18.286-18.286h146.286c10.286 0 18.286 8 18.286 18.286zM420.571 822.857c0 5.143-2.286 9.714-5.714 13.714l-182.286 182.286c-4 3.429-8.571 5.143-13.143 5.143s-9.143-1.714-13.143-5.143l-182.857-182.857c-5.143-5.714-6.857-13.143-4-20s9.714-11.429 17.143-11.429h109.714v-786.286c0-10.286 8-18.286 18.286-18.286h109.714c10.286 0 18.286 8 18.286 18.286v786.286h109.714c10.286 0 18.286 8 18.286 18.286zM804.571 603.429v109.714c0 10.286-8 18.286-18.286 18.286h-256c-10.286 0-18.286-8-18.286-18.286v-109.714c0-10.286 8-18.286 18.286-18.286h256c10.286 0 18.286 8 18.286 18.286zM914.286 310.857v109.714c0 10.286-8 18.286-18.286 18.286h-365.714c-10.286 0-18.286-8-18.286-18.286v-109.714c0-10.286 8-18.286 18.286-18.286h365.714c10.286 0 18.286 8 18.286 18.286zM1024 18.286v109.714c0 10.286-8 18.286-18.286 18.286h-475.429c-10.286 0-18.286-8-18.286-18.286v-109.714c0-10.286 8-18.286 18.286-18.286h475.429c10.286 0 18.286 8 18.286 18.286z"],"width":1040.6034285714286,"attrs":[],"isMulticolor":false,"isMulticolor2":false,"tags":["sort-amount-desc"],"defaultCode":61793,"grid":14},"attrs":[],"properties":{"name":"sort-amount-desc","id":317,"order":15,"prevSize":28,"code":61793},"setIdx":0,"setId":4,"iconIdx":317}],"height":1024,"metadata":{"name":"icomoon"},"preferences":{"showGlyphs":true,"showQuickUse":true,"showQuickUse2":true,"showSVGs":true,"fontPref":{"prefix":"icon-","metadata":{"fontFamily":"icomoon"},"metrics":{"emSize":1024,"baseline":6.25,"whitespace":50},"embed":false},"imagePref":{"prefix":"icon-","png":true,"useClassSelector":true,"color":0,"bgColor":16777215,"classSelector":".icon","name":"icomoon","height":15,"overrideSize":"true","columns":16,"margin":16},"historySize":50,"showCodes":true,"gridSize":16}}